month,avg_ele,avg_winddir,avg_sky,avg_visdist,avg_airtemp,avg_dewpointtemp,avg_atmpress
1,20.0,207.60547156227503,10587.07199424046,18360.76241900648,7.31360691144708,5.272714182865368,5267.080057595452
2,20.0,215.1534090909091,6033.500811688312,19491.39366883117,7.358035714285722,5.042694805194806,5177.837987013024
3,20.0,232.57503607503608,8002.277056277056,20170.344877344876,9.264285714285704,6.344660894660886,5220.431240981297
4,20.0,238.64269829503337,13875.328391401035,18756.706449221645,8.877094143810227,4.727131208302449,5252.800222387012
5,20.0,214.27138849929875,16518.35624123422,18152.73422159888,13.736886395511911,8.766339410939691,5365.446984572293
6,20.0,240.19956300072832,6112.671522214129,22951.71012381646,13.50335032774946,9.065258557902403,5332.512600145724
7,20.0,236.30640668523677,12995.063370473536,20997.350974930363,16.81371866295264,12.286490250696374,5427.8100278552165
8,20.0,288.65875785066294,5981.752965806001,21459.314724354503,16.59497557571529,13.096092114445218,5418.139078855618
9,20.0,302.70188133140374,13662.465991316933,20812.51519536903,13.268740955137485,11.038133140376274,5425.4154124458
10,20.0,216.68351800554015,6394.833102493075,18785.45429362881,11.922506925207752,9.228393351800555,5470.9367728532525
11,20.0,332.296886314265,17051.966690803765,17188.050687907315,7.470238957277335,5.929254163649531,5399.948225923304
12,20.0,290.46320953048354,10854.51506657323,15621.371408549405,5.544358794674154,5.096706377014719,5398.267484232719
1,20.0,241.8262386601535,9471.074668527564,13621.2135380321,4.788485694347526,3.818771807397069,5374.236287508791
2,20.0,250.96252755326967,8932.414401175607,15080.160176340923,6.479500367376937,4.107714915503313,5413.682806759802
3,20.0,345.61527480371166,14302.46680942184,18387.14989293362,5.876516773733046,2.567808708065667,5268.023911491859
4,20.0,288.02343159486014,19324.835978835978,19699.696900982617,9.88269085411942,6.024867724867726,5125.821088435421
5,20.0,317.4222853087296,18836.291696238462,23157.341376863023,10.917388218594748,5.522995031937547,5261.890631653707
6,20.0,342.43792840822545,6245.774562071591,19866.412795125667,13.82223914699162,10.478750952018284,5109.49664889571
7,20.0,283.44224924012155,16678.484802431612,23531.76139817629,16.934042553191485,12.09255319148936,4956.263297872376
8,20.0,297.02696629213483,9283.287640449438,23392.431460674157,17.055805243445707,13.3960299625468,5014.265018726641
9,20.0,290.4375,10447.4234375,20505.3125,13.453515625000012,10.502187499999993,4965.099765625031
10,20.0,218.55270863836017,12961.20571010249,21012.151537335285,11.112664714494896,8.670644216691068,5136.0933382138155
11,20.0,211.94586233565352,14210.98143851508,16844.081979891725,6.69396751740139,5.005181747873158,5064.952900232065
12,20.0,219.71069633883704,7358.050969131371,17004.80904522613,6.916439339554919,5.870782483847806,5232.953697056768
1,20.0,225.3550561797753,17035.94157303371,12978.274906367042,2.259850187265916,1.1358052434456931,5032.196404494432
2,20.0,142.43046944198406,10109.322409211693,14928.520814880423,5.8171833480956625,2.7718334809565968,4708.119663418961
3,20.0,226.2106824925816,13171.735163204748,19900.890207715132,6.442062314540061,4.097922848664685,5045.442804154343
4,20.0,231.2527646129542,11613.575039494472,22402.28988941548,9.592654028436026,7.426303317535547,4902.041627172232
5,20.0,223.4832,10888.8128,19628.88,11.142320000000009,7.776880000000002,4665.964400000018
6,20.0,250.8007407407407,10749.96074074074,21828.147407407407,12.96814814814816,10.401777777777784,5240.795111111167
7,20.0,248.40380395025605,5899.950256035113,22746.67008046818,15.065544989027082,12.53782004389174,5116.275201170497
8,20.0,227.0955766192733,5742.3325434439175,22099.366508688785,13.609241706161152,13.414849921011053,4772.370537124831
9,20.0,213.20798668885192,9504.625623960066,21934.857737104827,14.667637271214645,13.693926788685506,4686.357154742111
10,20.0,184.40366242038215,7090.1926751592355,14848.085987261147,11.371019108280262,9.173805732484078,4909.634633757993
11,20.0,221.25396825396825,18240.38926681784,19357.368858654572,5.581481481481479,4.864550264550267,5218.718669690148
12,20.0,191.3256649892164,13419.61969805895,19938.243709561462,7.286628324946088,5.03788641265277,5338.6637670741065
1,20.0,215.26326815642457,11487.404329608938,14876.39594972067,4.9107541899441305,2.9289804469273713,5369.570740223523
2,20.0,240.6244167962675,11943.81804043546,15362.751944012442,4.422706065318817,3.52418351477449,5347.037169517935
3,20.0,213.2586926286509,10339.639777468708,16271.347705146036,8.496105702364396,6.477399165507656,5460.86717663428
4,20.0,213.29720028715005,12681.933955491744,20886.285714285714,8.93409906676238,7.203015075376882,5465.496769562163
5,20.0,291.3945720250522,13531.302018093247,19487.61238691719,12.355810716771051,10.133124565066115,5386.307306889418
6,20.0,246.3608757062147,8152.812853107344,22063.2040960452,13.078813559322036,9.668855932203382,5448.1139124294405
7,20.0,196.58511371467952,6279.349414197105,17917.780151619572,16.313301171605765,14.286078566505852,5422.997036526602
8,20.0,251.65885596140592,8213.955203308064,19271.536181943487,16.6997932460372,13.84438318401102,5444.01860785672
9,20.0,204.17844396859385,12912.575303354746,15347.893647394718,15.201213418986436,12.226695217701652,5401.509350464019
10,20.0,255.95143638850888,7344.0300957592335,17970.450068399452,10.400889192886453,7.52017783857729,5525.5813953489105
11,20.0,247.6948555320648,9314.630725863284,18061.9436222692,8.016138125440445,6.1081747709654595,5582.886328400352
12,20.0,195.41414835164835,7096.597527472528,14039.62706043956,7.657005494505499,7.228502747252752,5808.858310439645
1,14.0,272.63201094391246,11943.340629274966,10972.435020519835,5.138850889192886,2.7859097127222983,5523.905813953561
2,14.0,212.25685199686765,11009.938136256853,12132.965544244322,4.794831636648395,5.601879404855128,6118.676664056468
3,14.0,257.3418621179815,11360.58564321251,15289.265103056148,7.297085998578536,6.02046908315565,6899.561833688823
4,14.0,226.55719557195573,14564.318081180812,11318.523247232471,8.020664206642067,6.411586715867158,6484.719188191978
5,14.0,321.0753623188406,12356.6384057971,12703.620289855073,11.997826086956522,11.526521739130434,5593.996304347898
6,14.0,255.88937093275487,8342.937093275488,14447.430224150396,13.245119305856832,11.594143167028198,5413.50144613166
7,14.0,292.9448424068768,6086.684813753582,14694.481375358166,14.753581661891117,13.955372492836675,5315.068624641895
8,14.0,337.09875690607737,8925.100828729283,12231.629143646407,15.083563535911605,13.624861878453038,5465.867817679631
9,14.0,288.66784702549575,8990.237252124645,11483.851983002833,14.603399433427764,12.083498583569408,5471.104674221025
10,14.0,248.68002764340017,8031.295093296476,12353.764340013822,12.767104353835522,10.335867311679335,5501.363579820392
11,14.0,208.8290043290043,8720.005772005772,11593.289321789322,9.923520923520924,8.349134199134198,5444.691847041906
12,14.0,180.63888888888889,11666.352083333331,11853.054861111112,6.304166666666666,5.6075,5628.585625000078
1,20.0,153.21763754045307,11765.177993527508,15272.249190938512,4.6382686084142355,1.8316343042071197,4755.436165048563
2,20.0,201.5912343470483,11623.241502683362,16047.048300536671,5.403398926654742,3.6602862254025017,4726.954472271919
3,20.0,226.61693548387095,9371.149193548386,17620.725806451614,6.3204032258064515,3.373790322580647,4695.466048387121
4,20.0,238.84889643463495,8724.702037351442,18660.09932088285,10.033022071307297,6.971986417657055,4644.203056027178
5,20.0,293.70772946859904,13658.256843800322,24088.886473429953,10.8938808373591,7.0188405797101465,4853.046296296326
6,20.0,270.2654941373534,5511.015075376885,25373.11390284757,12.951088777219436,9.172529313232838,4625.771189279742
7,20.0,270.43423019431987,9159.778774289984,23727.428251121077,16.122346786248134,12.1178624813154,5133.211136023968
8,20.0,267.7022471910112,11990.30658105939,30847.586677367577,15.757463884430186,12.132504012841087,5046.843900481578
9,20.0,221.61696658097685,13792.498714652957,24986.63153384747,13.148071979434462,9.488260497000852,4609.353898886047
10,20.0,196.233798195242,10640.694011484824,21069.973748974568,9.303691550451196,6.517555373256774,4583.645611156702
11,20.0,226.1909465020576,12011.441975308642,15538.43621399177,7.806090534979406,5.413827160493831,4743.544526748995
12,20.0,144.86274509803923,10567.989379084967,17298.446078431374,7.708578431372556,5.155964052287581,4574.23635620917
5,20.0,186.81582537517053,14465.238062755798,18255.79467939973,11.40777626193725,7.243178717598905,5524.653751705394
6,20.0,257.9371024734982,6242.535689045936,19199.579505300353,14.231307420494703,10.728268551236749,5492.956890459432
7,20.0,261.67423230974634,4105.526034712951,28853.124165554073,14.978104138851812,11.464352469959962,1124.628037383177
8,20.0,259.69879518072287,6001.1298527443105,31135.99732262383,14.460374832663998,12.248460508701474,1116.564123159304
9,20.0,213.90997229916897,7550.9473684210525,25931.17590027701,12.800969529085862,9.512326869806108,1197.175623268696
10,20.0,189.42666666666668,10495.057333333334,19845.606666666667,8.046533333333343,5.176533333333334,1518.704133333334
11,20.0,192.7986577181208,8982.43087248322,16761.872483221476,7.470469798657721,4.840536912751679,1847.247516778523
12,20.0,242.6375,5240.26875,19183.13125,6.990624999999997,4.527374999999995,1791.128875000002
1,20.0,191.34257975034672,7365.849514563107,11720.31761442441,6.356934812760055,5.4658807212205245,5526.590013869701
2,20.0,218.875748502994,10200.15119760479,18454.56511976048,7.443038922155681,4.507185628742516,5375.156961077908
3,20.0,246.0186721991701,6056.383817427386,20165.004149377593,8.680567081604433,6.186721991701245,5613.093706777388
4,20.0,217.9492647058823,8778.058823529413,18490.292647058825,9.017941176470584,7.055735294117641,5617.644632353001
5,20.0,200.767795438839,17702.678645473392,19872.7000691085,13.061022805805097,9.332480995162411,5517.8852798895
6,20.0,236.48329779673065,11188.802416488985,17732.32054015636,15.364676616915416,13.23944562899787,5487.750248756283
7,20.0,225.19281271596407,6939.838286109191,21218.00967519005,16.19481686247408,13.014443676572224,5448.640082930268
8,20.0,233.3,9103.976712328767,21074.93493150685,14.287054794520534,10.418082191780828,5479.393013698694
9,20.0,222.29695251594617,9523.878809355068,19259.766123316796,12.098369950389795,9.778738483345151,5503.19043231757
10,20.0,252.4865794907089,10349.949070887818,18112.315898141776,8.61280110116999,5.877013076393662,5454.764969029662
11,20.0,218.43991416309012,8937.46494992847,16792.657367668096,8.71902718168812,6.303290414878398,5471.879113018664
12,20.0,203.87552155771905,8140.368567454799,12889.568845618916,5.7739221140472905,4.45584144645341,5519.599443671835
1,20.0,231.5792828685259,9956.596015936257,19283.26454183267,5.201992031872511,4.002868525896411,4711.900079681297
2,20.0,86.96368243243244,18127.295608108107,14267.059966216217,2.13902027027027,-1.541300675675675,4977.821030405435
3,20.0,211.7485207100592,11160.673816568047,22722.778846153848,6.356360946745563,3.2107988165680466,5091.31235207106
4,20.0,228.45060240963855,15986.151807228916,23231.48514056225,6.266907630522087,3.018313253012048,4809.505140562274
5,20.0,212.03474903474904,7030.709652509652,23241.697297297294,10.322471042471038,6.963243243243243,4896.653436293472
6,20.0,215.34349919743175,8719.890048154093,20697.270465489568,14.108828250401311,10.763483146067411,4852.2931781701745
7,20.0,254.35072231139648,3329.5626003210273,22143.98073836276,14.92624398073838,12.191813804173364,4672.602808988788
8,20.0,243.8967741935484,10982.642741935484,25488.86935483871,12.990241935483883,10.405403225806449,4658.995161290351
9,20.0,233.87716262975775,14980.015570934256,21899.826124567473,12.012283737024228,8.694377162629756,4472.065830449838
10,20.0,215.0007843137255,12369.736470588236,17943.450980392157,11.20925490196077,8.441647058823538,4847.850901960815
11,20.0,221.92979591836735,10156.630204081632,21502.61142857143,8.497959183673457,6.447020408163262,4775.059510204106
12,20.0,260.74013921113686,11422.92962103635,20459.627223511216,6.878576952822885,4.375174013921114,4932.834261407613
1,14.0,249.3745607870696,17842.063246661983,13806.040758959944,3.05621925509487,0.7434996486296557,5748.552635277655
2,14.0,160.08586626139817,13248.870060790274,11261.701367781156,4.008358662613982,1.9900455927051672,5546.050303951432
3,14.0,228.2192254495159,10785.228907330567,13449.721300138312,5.4896265560165975,2.807676348547718,5515.418948824413
4,14.0,253.34857142857143,10626.289285714283,12349.355714285712,7.6571428571428575,4.491428571428571,5500.35921428578
5,14.0,266.9922041105599,8930.703047484054,17292.41176470588,9.574769666902906,6.729907866761162,5330.551594613807
6,14.0,308.03649068322983,9415.200310559008,15040.914596273293,13.865683229813664,10.890450310559006,5070.189363354078
7,14.0,281.3842432619212,6453.030407740152,12660.537664132687,15.72494816862474,12.082930200414651,5488.651485832831
8,14.0,268.18609550561797,7963.465589887641,12638.481039325845,14.588483146067416,12.876966292134831,5373.792837078712
9,14.0,247.09963636363636,10461.450909090909,14150.54181818182,13.359272727272728,10.406545454545457,5355.530763636419
10,14.0,245.46527777777777,12135.027777777776,13513.329861111111,11.449305555555556,9.271527777777775,5409.478402777849
11,14.0,247.18664752333095,9324.750179468772,11095.046661880831,8.98851399856425,6.656855707106963,5470.399425699994
12,14.0,268.4264808362369,11364.89825783972,14268.289198606271,6.430662020905923,4.938606271777004,5393.473588850234
1,20.0,184.94331700489852,10111.259622113366,10057.942617214836,5.547795661301608,5.50111966410077,6089.433519944115
2,20.0,219.37423312883436,11528.814417177917,11137.883435582822,7.089877300613497,5.3379601226993865,5394.528220858952
3,20.0,274.82160278745647,12368.245296167248,11522.229268292684,7.166480836236935,3.777073170731709,5397.295121951288
4,20.0,331.141940085592,14459.396576319545,11774.321683309558,9.880171184022824,7.130171184022824,5415.288944365257
5,20.0,228.54941257774703,11790.888735314444,12653.351071181756,11.554664823773322,7.265998617829994,5417.843814789292
6,20.0,208.02442635085123,7474.648408586232,12068.837157660992,14.728719467061431,11.27468541820874,5275.985492228039
7,20.0,285.14852198990627,12523.815428983418,11309.588320115356,16.715501081470794,13.333958183129056,5209.272530641727
8,20.0,279.0558698727016,7394.634370579915,11811.385431400284,15.464073550212165,14.863366336633666,5309.771923620989
9,20.0,244.10514372163388,8951.391830559758,12953.09984871407,13.747730711043872,10.95105900151286,5111.226550680829
10,20.0,246.25167535368575,8066.27773641102,14052.268801191363,10.702382725241996,8.099702159344753,5104.029113924097
11,20.0,262.7931034482759,8389.58695652174,11187.480509745128,7.832758620689654,5.5244377811094445,5152.585382308889
12,20.0,244.84005869405723,10327.61775495231,11709.97652237711,6.011592076302274,5.6369038884812905,5111.739545121113
1,20.0,147.9078771695594,5147.889185580774,16158.991989319093,6.879572763684916,4.333911882510017,1158.6456608811754
2,20.0,266.58142857142855,8968.31142857143,21397.98571428571,4.915285714285712,1.442999999999999,1142.3818571428576
3,20.0,173.7687074829932,4400.651700680272,18024.210884353743,6.623537414965977,3.1145578231292546,1077.9469387755105
4,20.0,244.24275862068964,7453.76275862069,24871.620689655178,9.53903448275863,5.2526896551724125,1026.1845517241377
5,20.0,210.20053475935828,9946.377005347593,29767.767379679142,10.177406417112303,5.083556149732621,1014.4927807486624
6,20.0,243.40389972144845,9658.00417827298,30325.612813370473,14.794150417827296,9.514206128133717,1020.5186629526468
7,20.0,261.8050397877984,5415.672413793103,26501.836870026524,15.96458885941643,11.972546419098135,1113.8625994694958
8,20.0,274.72423025435074,5350.803212851406,27768.31325301205,15.649799196787152,11.96760374832662,1014.6295850066952
9,20.0,195.11586206896553,10978.04,20198.275862068964,14.709103448275869,10.983172413793111,1017.7397241379306
10,20.0,234.5744680851064,5337.511968085107,22990.531914893618,12.134042553191506,9.446542553191492,1045.2464095744683
11,20.0,274.3439226519337,9033.052486187846,23247.5,7.440331491712705,5.026519337016574,1010.8067679558012
12,20.0,160.39705882352942,8059.2486631016045,18938.80347593583,5.3270053475935795,2.868048128342244,1026.4239304812838
1,20.0,154.0591327201051,4111.504599211564,15130.08541392904,5.18120893561103,2.813666228646518,1032.1676741130102
2,20.0,218.58382352941177,7473.969117647059,22889.257352941175,7.807205882352931,4.5623529411764645,1007.9179411764708
3,20.0,225.35113484646195,8040.283044058745,23942.283044058742,9.136982643524696,5.7260347129506055,1022.6315086782372
4,20.0,218.95628415300547,7625.168032786885,20303.44945355191,11.097404371584693,7.54439890710383,1035.2213114754104
5,20.0,206.42323097463284,10267.084112149532,22763.59813084112,12.924432576769023,8.325767690253677,1024.7670226969292
6,20.0,227.04807692307693,5814.0920329670325,27277.28021978022,14.149175824175824,9.142582417582412,1009.9112637362634
7,20.0,244.524,6251.692,26638.1,16.437866666666675,12.55466666666666,1018.667733333334
8,20.0,193.19492656875835,5285.951935914552,24525.24032042724,17.02096128170892,13.76995994659546,1012.726168224298
9,20.0,198.9972337482711,5371.258644536653,18957.95297372061,14.690456431535258,11.530152143845088,1032.1669432918384
10,20.0,200.47152317880796,6840.439735099338,17509.933774834437,12.196291390728485,9.453642384105962,1015.4915231788062
11,20.0,224.5696721311475,5936.117486338798,20454.60245901639,9.530874316939896,7.507650273224043,1010.346857923498
12,20.0,213.69876203576345,7999.078404401651,19785.742778541953,7.289821182943605,4.77276478679505,1019.2359009628595
1,20.0,236.98382352941175,9235.880882352942,11814.85294117647,7.546323529411762,6.505588235294118,5099.869558823575
2,20.0,190.73615635179152,12013.168566775244,9960.749185667752,4.104641693811075,1.9315146579804563,5101.220684039123
3,20.0,248.14146706586823,6103.454341317365,12219.459580838324,8.191766467065868,5.694760479041915,5043.7122005988485
4,20.0,227.48840803709427,14209.289799072643,12038.48454404946,6.664219474497683,3.956259659969089,5100.653477588911
5,20.0,214.4794223826715,7948.480866425993,13704.329963898916,10.168375451263536,7.591768953068591,5219.485631769007
6,20.0,225.25386313465785,11355.055187637969,12690.654157468727,14.10529801324503,11.759676232523914,5321.701471670402
7,20.0,258.30234208658624,13085.479772888571,11705.108587650817,18.35074520936835,14.909865152590491,5289.694251242071
8,20.0,285.1312769010043,11133.771162123388,12246.053802008608,17.735365853658536,13.856097560975604,5213.993902439089
9,20.0,225.48050974512745,7430.505247376312,15721.212143928036,13.85622188905548,10.918515742128935,5214.965067466324
10,20.0,220.0226073850791,10492.356443104749,14127.58025621703,10.823737754333091,8.986963074604368,5044.2224566692275
11,20.0,194.74867924528303,9523.054339622642,11574.33962264151,9.119698113207544,7.0639245283018814,5158.767773584957
12,20.0,214.58187134502924,9119.32821637427,13525.438596491227,7.929459064327487,5.9847953216374306,5155.769152046838
1,20.0,228.84408602150535,6472.938172043011,20644.200268817203,6.1639784946236595,4.290322580645165,1177.228225806453
2,20.0,216.10863095238096,6349.150297619048,19948.199404761905,7.338988095238093,5.268303571428573,1098.3447916666669
3,20.0,247.75773889636608,6632.744279946164,22654.273216689096,6.605114401076714,3.8452220726783297,1350.1783310901756
4,20.0,241.79639889196676,10357.840720221606,19390.685595567866,9.728808864265927,6.422714681440443,2601.3541551246435
5,20.0,229.22459893048128,5828.743315508022,28622.954545454544,11.538235294117634,7.85508021390374,1291.629144385027
6,20.0,266.84466019417476,11062.796116504856,31384.8613037448,15.834257975034674,11.180305131761438,1183.991539528432
7,20.0,208.40213049267643,5086.3768308921435,26490.338215712385,17.542210386151773,14.420639147802952,1443.958988015981
8,20.0,261.8711409395973,12131.059060402684,21273.40268456376,19.02657718120807,14.67261744966444,1153.9255033557026
9,20.0,272.18508287292815,9692.372928176796,28827.020718232045,14.07002762430941,10.234530386740332,1535.192127071825
10,20.0,196.28398384925976,6184.775235531629,24372.72543741588,13.41318977119784,10.471197846567982,1312.9231493943494
11,20.0,207.0013908205841,7512.08066759388,20467.293463143254,8.917663421418641,6.640611961057017,2149.4703755215587
12,20.0,176.4833110814419,7850.656875834446,14956.762349799734,5.060614152202937,2.697863818424566,1662.4746328437898
1,14.0,266.4446721311475,8510.627732240437,11044.329918032789,7.441939890710382,6.511475409836065,5536.78592896182
2,14.0,214.22333848531684,11784.295208655332,12025.114374034005,5.90726429675425,4.739412673879443,5411.176429675483
3,17.17004898530441,210.37928621413576,7200.195941217635,11241.287613715886,8.773268019594122,5.960811756473058,5390.075437368852
4,20.0,271.992816091954,14949.127155172411,10254.094827586208,9.752155172413794,5.296695402298851,5440.174568965585
5,20.0,187.17294281729428,7427.413528591353,12828.032078103208,11.073221757322177,8.477615062761506,5382.95753138082
6,20.0,241.82255747126436,6154.519396551724,13242.670977011494,13.439655172413794,10.484123563218391,5431.621479885131
7,20.0,261.60524499654935,5542.24292615597,10949.068322981366,14.78743961352657,11.543133195307108,5431.212974465218
8,20.0,250.11760612386917,11249.340292275574,12087.194154488518,16.549060542797495,14.43409881697982,5439.1116910230285
9,20.0,212.9783393501805,10355.358122743684,12997.759566787005,14.5927797833935,11.47364620938628,5357.55747292425
10,20.0,261.90509420795536,12397.575017445915,11637.264480111651,8.445917655268667,5.538032100488485,5401.260921144516
11,20.0,229.4318181818182,7179.482244318182,11438.707386363636,9.317471590909092,6.799715909090909,5427.636576704612
12,20.0,195.7878151260504,10681.820028011203,11013.724089635854,4.317226890756302,3.298249299719888,5342.784313725553
1,14.0,274.9428571428571,12438.376326530612,10041.877551020409,4.370612244897959,2.577959183673469,4725.082204081657
2,14.0,280.37909836065575,8445.41700819672,11733.298155737704,7.005122950819672,5.234631147540983,3702.2616803278506
3,14.0,220.56878048780487,8566.506341463415,11636.292682926827,6.174634146341464,2.7326829268292685,3797.704487804859
4,14.0,319.05626850937807,12354.93385982231,11768.805528134257,9.3751233958539,5.212240868706812,3718.536229022685
5,14.0,233.9573400250941,12461.809284818068,10855.708908406525,11.677540777917187,6.4579673776662485,1715.7537013801732
6,14.0,266.65045592705167,4302.338399189463,11618.946301925023,13.134751773049643,9.853090172239108,3588.7601823708005
7,14.0,237.53301565690947,5764.489448604493,11431.925799863851,14.381892443839346,10.757658270932607,5533.960993873459
8,14.0,258.0380359612725,5770.741355463347,12087.688796680495,15.477178423236516,12.503457814661134,5475.947164592048
9,14.0,220.9565826330532,9073.83613445378,11151.89075630252,14.284313725490197,12.283543417366948,5493.875980392227
10,14.0,233.7631041524847,10766.3294758339,13292.646017699117,9.909462219196731,7.30428863172226,5501.973519401022
11,14.0,218.97666195190948,15819.144271570014,11502.757425742577,7.763790664780764,6.511173974540311,5482.263083451269
12,14.0,259.7896907216495,10506.91408934708,10571.958762886596,7.380068728522337,5.182817869415808,5486.94171821313
1,20.0,230.76883780332057,7006.574712643678,21270.5938697318,6.364495530012772,3.794763729246486,1799.2071519795657
2,20.0,171.0043165467626,6184.353956834532,16455.323741007192,5.623165467625896,6.211798561151083,1561.3785611510796
3,20.0,237.96442687747032,5529.65744400527,20831.686429512516,8.340843214756255,6.436231884057959,1461.8508563899873
4,20.0,227.3121546961326,8703.187845303868,27102.89226519337,8.498342541436466,4.414917127071825,1136.6308011049723
5,20.0,156.00268456375838,7302.722147651007,23818.644295302012,11.257852348993293,6.921342281879188,1132.710469798658
6,20.0,260.5219178082192,5187.435616438356,26842.034246575346,13.34849315068491,9.496438356164386,1424.09671232877
7,20.0,225.38286479250337,4509.04953145917,28731.305220883532,15.552878179384225,11.744176706827304,1436.6572958500672
8,20.0,212.19225634178903,4817.596795727637,29734.899866488653,14.965153538050746,12.447396528704925,1218.308678237649
9,20.0,253.51733703190013,7492.646324549237,25078.398058252427,12.732177531206666,9.572815533980574,1113.8793342579763
10,20.0,213.89692101740297,8535.368139223561,20075.16064257028,11.201070950468544,10.180856760374835,1275.2922356091046
11,20.0,204.99166666666667,5833.638888888889,19617.819444444445,10.70763888888889,9.13708333333334,1037.108333333333
12,20.0,225.2922252010724,6023.80563002681,19845.743967828417,7.956166219839136,6.182171581769432,1117.6139410187668
1,20.0,213.45307224848077,11859.721809588116,15416.627278865632,7.406887238352466,4.90087778528022,5506.526738690149
2,20.0,171.07132459970887,13945.930131004368,13766.4730713246,6.8842066957787456,4.579475982532748,5522.266229985504
3,20.0,233.23951285520977,16723.38159675237,17215.14546684709,6.990798376184038,4.042016238159672,5534.312449255828
4,20.0,211.51673640167365,18845.274755927476,18696.18549511855,8.426499302649937,4.780264993026499,5486.488633193931
5,20.0,149.87795010114633,19069.539447066756,17390.346594740393,13.823803101820632,9.59089683074848,5491.842751180112
6,20.0,256.1102581995813,13826.750872295885,20794.605722260992,14.095324494068366,10.640614096301451,5492.202861130562
7,20.0,229.58536585365857,11916.920731707318,19514.024390243903,15.453590785907847,13.233401084010843,5469.262195122017
8,20.0,229.22252191503708,7199.642616318274,17026.88806473365,15.617060013486167,13.553540121375583,5488.336142953545
9,20.0,219.50801393728224,15392.709407665505,16454.898954703833,12.927108013937277,11.35400696864111,5511.039721254426
10,20.0,227.577027027027,15443.891891891892,16702.16891891892,10.257364864864863,8.254189189189177,5488.168243243315
11,20.0,256.36711552090713,10708.742026931255,13938.111268603829,8.199007795889441,6.870659107016297,5421.758043940529
12,20.0,194.6045883940621,18117.899460188935,15166.057354925775,5.85418353576248,4.111808367071523,5502.770580296967
1,15.99637352674524,213.01858567543064,15123.279238440617,12262.140525838622,6.795738893925667,5.917860380779692,7006.254533091742
2,15.99903984637542,221.80604896783484,12511.557849255882,12057.560729716755,6.657369179068655,4.721651464234274,7007.417426788445
3,15.960909090909093,196.71045454545455,27769.803636363635,14074.94818181818,6.9930909090909115,3.3560000000000025,6973.8071818183535
4,15.99068033550792,202.36486486486487,32064.00512581547,13978.046132339236,10.293616029822925,5.997297297297296,7006.709599254594
5,16.000897666068223,195.4658886894075,31166.08213644524,17542.78141831239,12.962073608617583,7.036804308797135,7005.571140036073
6,16.00092893636786,256.21551323734326,11666.49883882954,14081.367394333489,13.934417092429154,11.672085462145835,7002.844914073551
7,16.0,251.83940620782727,10250.371120107962,13324.91902834008,14.698785425101214,11.61605937921728,7005.333333333498
8,16.000900090009,213.9248424842484,14477.123312331232,13342.744824482448,16.0491899189919,14.128757875787567,7022.509945994763
9,15.991666666666667,216.20277777777775,21202.546296296296,13538.56388888889,13.98416666666666,11.442175925925929,7005.497175926091
10,15.982070820259974,227.83101748095024,16033.13446884805,13333.701927386825,10.263648588077098,7.536396234872253,7013.072523532223
11,15.994405594405594,211.7118881118881,11196.488111888111,11725.784615384617,8.864242424242425,7.4536130536130605,7000.581258741415
12,15.995517705064993,240.3957866427611,16616.762438368445,12335.336172120124,5.96275212909009,4.526983415508745,7007.207216495018
1,15.99731182795699,241.79928315412187,23216.0582437276,11771.627688172042,4.4354838709677455,3.530869175627241,7007.906406810212
2,15.98198198198198,169.25645645645645,15062.62942942943,13750.41141141141,7.108108108108107,5.795195195195198,6921.141081081222
3,15.992818671454218,209.16876122082584,13937.152154398564,12116.671454219031,7.95695691202873,5.22679533213644,7009.427648115065
4,15.979582366589328,196.51136890951275,36309.795823665896,15596.206496519722,8.745243619489552,4.531276102088165,7013.516148492049
5,15.999101930848676,236.70498428378983,24052.625954198473,15482.78266726538,10.40745397395599,6.607274360125722,7003.956219129051
6,15.994444444444444,246.87685185185185,17868.709722222222,16143.429629629629,14.193750000000009,10.84773148148149,7010.489351852033
7,15.998207082025996,255.7194083370686,22721.20618556701,14543.358135365306,17.416270730614073,14.203406544150596,7007.628507395957
8,15.973082099596231,224.3387169134141,15196.751009421265,13655.627187079408,16.075594436967243,12.993943472409155,7013.517182593263
9,15.996292863762744,196.57043558850788,11479.64828544949,13298.347080630214,15.49402224281741,12.75074142724743,7006.869091751791
10,15.990138951142985,228.18422232182877,14349.08426714478,13295.876736889288,12.324294038547745,10.029762438368456,7006.138682205462
11,15.9935125115848,255.3132530120482,17551.898517145506,12510.26923076923,8.93994439295643,7.381093605189987,7012.190315106753
12,16.003590664272892,190.47351885098743,16492.215888689407,11793.450179533214,7.934560143626576,6.390619389587068,7009.83325852799
1,20.0,168.67902899527985,16329.012137559002,14710.252865812545,5.348213081591366,3.281591368846934,5486.995212407354
2,20.0,212.82699478001493,13599.791946308726,17911.838180462342,5.637807606263986,3.578747203579415,5498.603131991105
3,20.0,231.7390410958904,15923.167808219176,15598.719178082192,8.062945205479442,5.16554794520548,5464.6568493151435
4,20.0,188.4972183588317,14761.124478442282,17724.3247566064,9.698609179415856,6.549860917941584,5511.3228789986815
5,20.0,196.89256756756757,21678.05472972973,18778.310135135136,11.800945945945948,9.3004054054054,5489.4625675676425
6,20.0,178.97335203366055,22358.88148667602,20864.964235624124,15.765287517531556,10.761851332398322,5489.639130434849
7,20.0,208.27364864864865,16048.629054054054,19570.611486486487,15.53878378378378,12.857837837837836,5486.124594594664
8,20.0,207.8607336956522,11855.258152173914,19022.33491847826,15.488654891304355,12.616440217391286,5462.993885869638
9,20.0,222.52360817477097,16824.08245243129,18149.499647639183,13.598942917547586,10.60852713178294,5451.243410852779
10,20.0,180.51287262872629,16205.80487804878,16163.00135501355,12.486924119241188,10.32771002710026,5469.827777777856
11,20.0,222.40292275574112,16708.56854558107,15146.161447459986,8.305915100904665,7.023312456506605,5601.606958942316
12,20.0,200.1221322537112,20888.27395411606,14566.407557354923,3.769433198380564,3.0946018893387324,5502.278947368492
1,15.989203778677464,246.8268106162843,12006.853351327036,11453.111111111111,6.571165092217716,4.444804318488532,7012.122762033454
2,16.0,205.85822021116135,13768.436902966314,13915.709401709402,8.10874811463047,6.359929612870784,7000.071644042392
3,16.001823154056517,181.9302643573382,8822.87192342753,13453.181403828625,7.969006381039198,4.913445761166823,6990.378167730338
4,16.012160898035546,191.8292797006548,20330.18101028999,15115.246959775492,10.010477081384485,6.563096351730588,6990.827455566109
5,16.000907441016334,236.56170598911072,27898.927404718692,15293.6833030853,13.386161524500915,9.061070780399271,6994.237976406703
6,15.96394686907021,186.8045540796964,31386.562144212523,15080.09392789374,17.422912713472485,13.57713472485768,7008.255075901494
7,15.99275033982782,241.90031717263253,7284.8409605799725,13320.246488445857,15.39157227004983,12.117852288173983,7001.405754417937
8,15.988149498632634,242.37283500455788,10464.567000911577,14756.794439380128,15.986599817684588,12.67082953509572,7005.391886964611
9,15.995235826584087,230.6574559313959,24899.13482610767,13599.072891853264,15.393377798951889,13.928727965697956,7002.361362553761
10,16.001815705855652,196.08034498411257,14976.733999092146,12594.286881525191,11.746981389014977,9.749160236041748,6990.262324103659
11,15.999065420560749,225.93971962616823,15428.918691588786,12748.53598130841,8.69214953271029,6.626588785046737,7011.240327102976
12,16.000903750564845,220.4789877993674,12896.159511974694,11929.342069588794,8.079710799819246,6.056936285585171,6976.951694532478
1,15.983870967741936,228.4386200716846,16590.485663082436,12621.023745519711,7.087051971326162,4.626926523297499,7008.222849462531
2,15.995037220843672,238.1741935483871,9737.694789081886,11633.880893300247,7.987047146401978,6.223722084367244,7011.70908188601
3,15.993705035971225,210.81654676258992,40194.311600719426,12933.65512589928,7.552967625899279,3.9982014388489224,7011.615467626066
4,15.37924616100512,203.5472312703583,25249.024662633783,14751.37971149372,9.77105630525825,5.438110749185668,6998.3164727782005
5,15.993679458239278,232.4943566591422,13851.569300225734,15112.317832957113,12.921805869074491,9.261715575620764,7018.990112866994
6,16.00558659217877,232.36964618249533,12080.645251396649,14992.989292364991,14.08291433891992,10.08575418994412,6996.2777001863815
7,14.909825033647376,247.22521310004487,15371.619111709286,16316.64064602961,16.547734410049383,13.147196052041272,7011.113010318696
8,14.497733454215776,236.02719854941068,28587.312783318223,16563.328195829556,16.795693563009948,12.003490480507695,6999.3324116048925
9,14.10599721059972,250.30450953045096,17428.30729893073,14929.05160390516,14.08874941887496,11.308926080892606,7004.497629009934
10,15.71467889908257,198.22201834862383,14053.98119266055,13524.916972477064,12.85348623853212,10.2348623853211,7001.105917431361
11,15.970232558139536,205.81906976744187,17512.549767441862,13396.89534883721,9.67046511627907,7.783441860465105,7011.258232558302
12,15.994490358126722,250.17355371900825,19214.38062442608,10861.477502295684,4.524012855831039,2.875252525252525,6998.571303948742
1,16.000896458987,240.42716270730617,9781.917077543703,11517.71582250112,6.96692066337966,5.910712684894667,7005.135723890813
2,16.0,181.32242063492063,17248.914682539682,12783.747023809525,8.460218253968256,5.512053571428568,7004.519196428739
3,16.014558689717926,236.8776160145587,17826.027752502276,13068.088262056415,7.792766151046402,4.513148316651505,6975.183484986522
4,16.000926354793886,167.34691987031033,16128.27420101899,12428.844835572025,9.882121352477997,5.9413154238073185,7006.516998610632
5,16.001793721973094,232.8152466367713,28574.070403587444,16761.901793721972,11.731748878923757,7.258251121076229,7003.226771300616
6,16.000926354793886,220.09356183418248,24021.72255673923,16093.578045391385,13.534321445113465,9.663779527559065,7003.036729967741
7,16.000896458987,245.82339757956075,13499.752129090097,16190.56969968624,16.60739578664273,12.886015239802788,7003.853832362337
8,16.000896458987,212.6194531600179,14777.629762438368,13847.17167189601,15.741730165844924,14.41308830121024,7002.146302106844
9,15.985955056179776,224.36844569288388,25574.673689138577,13440.308988764044,13.976732209737833,11.469897003745308,6988.4631086144
10,15.994594594594597,193.48783783783784,21860.922072072073,13935.287387387389,10.01626126126126,7.294459459459454,6998.770225225389
11,15.998131714152263,223.65249883232136,18008.25361980383,12080.092947220925,6.890565156468936,5.489210649229328,7003.01419897261
12,15.999103139013451,194.8412556053812,18699.997757847537,11463.793721973094,6.868116591928246,6.640313901345298,7006.89860986564
1,15.998207082025996,207.56207978484983,16616.660242043927,11613.881667413716,6.534872254594349,4.45186015239803,7005.288525325134
2,16.00099403578529,193.632703777336,26547.098906560637,13052.129224652088,4.488717693836984,1.4054671968190844,7004.116302187043
3,16.0,172.91487455197134,17834.757616487455,12958.344982078854,5.154704301075264,2.56774193548387,7000.035842294077
4,16.013065795613628,175.58842743817078,16300.103593093794,14215.68315445637,9.462529164722346,5.772841810545965,6982.795753616585
5,16.000896458987,199.2752129090094,27414.37606454505,14733.628417749887,13.022814881219176,8.682474226804128,7004.506992380266
6,15.998144712430427,247.15074211502784,32088.95408163265,15749.239332096477,16.803896103896115,11.000139146567715,7009.258487940799
7,16.000897666068223,242.83482944344703,22002.85682226212,18065.20062836625,17.17450628366247,12.839811490125664,7004.0944344705495
8,16.0,239.7141577060932,9470.021505376344,14836.806899641577,15.413754480286732,11.933198924731178,7005.179525089775
9,15.961482908040445,237.0077034183919,15617.203659123736,14460.300914780932,12.828406355320178,9.498122291766968,7064.551035147016
10,15.999094612947037,223.8623811679493,21289.797193300135,14714.802172928928,10.4271163422363,7.237845178813944,7003.110909914154
11,16.000926354793886,154.8119499768411,21365.701713756367,13205.930523390458,8.400602130616027,6.308707735062529,7000.102871700025
12,16.0,179.5739247311828,9299.278673835126,11980.47759856631,8.807034050179212,7.344623655913977,7003.718548387259
1,15.990125673249551,262.1584380610413,23949.94658886894,12960.145421903051,5.166651705565528,3.2704667863554775,7007.867594255113
2,16.003849855630413,213.52454282964388,10962.844562078924,11711.609720885466,8.218768046198273,6.304667949951873,6996.389509143572
3,16.0,204.4989350372737,12321.160276890309,12455.732161874334,8.353887113951,6.120660276890305,7001.362406815917
4,15.997067448680353,203.8372434017595,7220.491202346041,13043.381231671554,10.440322580645168,8.753225806451617,7004.520087976533
1,20.0,180.53947368421052,9074.980263157897,18620.32894736842,4.532631578947372,2.73513157894737,1242.3168421052642
2,20.0,237.0669577874818,8260.251819505094,20328.06404657933,5.70815138282388,3.64308588064047,1239.274235807862
3,20.0,180.8713910761155,7638.845144356956,20547.073490813647,6.46666666666667,3.6795275590551166,1283.5897637795283
4,20.0,252.97661623108667,6305.694635488308,27529.312242090786,8.997799174690522,5.730261348005501,1247.7165061898222
5,20.0,231.81117021276592,10370.5664893617,28768.34175531915,13.04574468085107,9.056515957446814,1270.5783244680858
6,20.0,242.6994459833795,6820.775623268698,31905.28808864266,14.168698060941823,10.190720221606645,1054.365373961219
7,20.0,245.08233731739708,5853.306772908367,33677.59362549801,15.754050464807426,12.278884462151394,1264.8780876494027
8,20.0,253.395225464191,8683.167108753316,27978.527851458886,15.797347480106096,12.506366047745358,1538.0956233421757
9,20.0,242.3695652173913,6628.417119565217,23110.692934782608,14.225135869565213,11.318614130434778,1297.3815217391304
10,20.0,193.4068241469816,8598.305774278215,21972.98556430446,12.935958005249352,10.640026246719156,1359.122309711286
11,20.0,261.90823211875846,4891.848852901485,20518.211875843455,9.762078272604588,8.059784075573557,1364.2272604588384
12,20.0,202.66622864651777,10540.459921156373,22078.626806833116,5.9211563731931625,3.722733245729303,1366.9848883048612
1,16.003595505617977,220.81033707865168,27617.407640449437,28162.568988764044,5.896134831460675,3.0332134831460698,6998.66404494399
2,15.99003984063745,235.1190239043825,20423.79183266932,28485.40388446215,5.339541832669316,3.322011952191237,7020.40004980097
3,15.999103139013451,211.75201793721973,34761.42331838565,51130.460986547085,7.049910313901339,4.246547085201793,7007.908340807346
4,16.00185356811863,205.19230769230768,54825.82808155699,188311.09360519,9.525625579240035,4.584198331788689,7004.250834105821
5,16.004502476362,224.21972084646555,17327.25438991445,24032.46195407474,10.636830256641147,7.390859972985136,6997.6542998650975
6,16.0,223.47407407407408,25557.258333333335,58057.30138888889,13.67879629629628,9.80569444444444,7010.506527777951
7,15.998204667863554,224.50224416517057,16037.550718132854,30514.978456014363,14.614497307001797,11.131508078994605,7006.7359515262015
8,15.993713515940728,222.49753030983385,21260.98248765155,37537.8652896273,14.337584193982938,12.018230803771887,7013.244499326617
9,15.975746268656716,219.7695895522388,22658.518190298502,43454.74673507463,12.898740671641782,10.259981343283584,7042.02518656732
10,15.998204667863554,178.51077199281866,23432.808348294435,38285.59515260323,11.110996409335716,8.981238779174145,7008.053231598007
11,16.00185356811863,232.1394810009268,19774.50973123262,23496.06765523633,10.182344763670054,7.966450417052833,7001.295505097483
12,16.003600360036003,185.4842484248425,16499.094509450944,22930.84608460846,9.07304230423042,6.848829882988295,6996.902250225197
1,16.002702702702702,210.88963963963965,26121.865765765764,24502.18963963964,6.175135135135144,4.708558558558559,6994.1380180181795
2,16.00798004987531,205.47531172069824,21045.779551122196,19603.62044887781,6.153915211970065,3.2397007481296747,7011.380748129833
3,16.002691790040377,211.54015253476896,27485.93001345895,65722.65859129654,7.540242261103633,6.365275908479132,7000.520457604481
4,16.000926354793886,181.2876331635016,26689.70912459472,55512.75266327003,10.655349698934677,7.883418249189442,7002.758684576357
5,16.000898876404495,236.9438202247191,18863.189213483147,25513.990561797753,11.911685393258436,8.536359550561809,7003.443056179952
6,16.00093023255814,201.87906976744185,30637.701860465117,64516.23860465116,15.268697674418592,10.27990697674418,7004.89925581412
7,16.003639672429482,237.57324840764332,18284.74203821656,38732.891719745225,16.95077343039127,12.937443130118291,6999.917788899165
8,16.002691790040377,234.9901301031853,23915.29475100942,36233.43921040826,14.769179004037692,11.295020188425305,6999.569717362213
9,15.995361781076069,207.7096474953618,30759.195269016695,57426.765769944344,14.998840445269009,10.383534322820031,7013.501855287742
10,15.999103139013451,226.73721973094172,25546.62914798206,25691.68251121076,11.71690582959641,8.913542600896864,7003.6685650225845
11,16.003710575139145,193.81354359925788,33005.57792207792,32611.65677179963,8.0827922077922,6.851484230055661,6995.245640074371
12,15.993713515940728,235.09339919173777,24837.330938482264,60934.07768298159,6.728154467894027,4.830848675348003,7015.783789851989
1,20.0,264.0959079283887,7171.111253196931,17563.030690537085,5.906521739130431,4.115984654731461,1644.0101023017903
2,20.0,238.4479889042996,8167.230235783634,21077.572815533986,7.620527045769755,4.908183079056868,1388.52718446602
3,20.0,356.37707006369425,6089.845859872611,21878.458598726116,8.448280254777066,5.778726114649683,1549.1774522292976
4,20.0,185.23738062755797,8027.785811732606,25999.604365620737,7.933151432469303,4.266984993178718,1275.4420190995895
5,20.0,222.0671834625323,10731.726098191217,23048.131782945737,12.635658914728689,8.442764857881148,1490.4916020671856
6,20.0,224.19073569482288,7833.008174386921,23963.092643051772,14.64168937329701,11.20531335149865,1260.974931880109
7,20.0,255.2483660130719,6816.496732026144,27015.366013071896,16.305620915032673,12.98549019607843,1367.6849673202598
8,20.0,307.0730117340287,8446.55149934811,27566.199478487615,16.170534550195576,13.242764015645378,1507.7764015645384
9,20.0,257.237017310253,7458.001331557923,24277.163781624506,14.30372836218376,11.845672436750982,1439.4821571238351
10,20.0,237.16470588235293,8719.450980392157,22599.437908496733,10.50287581699346,7.910457516339884,1286.739738562092
11,20.0,247.08243243243243,7547.824324324324,22340.837837837837,7.456891891891883,5.389324324324329,1434.312297297298
12,20.0,190.42277486910996,7973.9201570680625,19199.607329842933,6.327094240837698,4.6397905759162255,1305.2651832460729
1,16.002691790040377,190.9170031404217,21035.954688200985,35284.89232839838,6.889457155675187,5.395737999102736,6996.8873485869835
2,15.994160583941603,213.46715328467153,23979.182481751825,55191.56934306569,5.784330900243311,3.825304136253044,7011.333917275105
3,15.99543795620438,201.0707116788321,31665.895072992706,48688.70574817518,7.03512773722628,3.4802463503649608,7011.724863138857
4,16.0,222.7538247566064,33717.689383402874,92069.69355586462,8.064348632359755,3.473806212331936,7004.383078349722
5,16.003590664272892,192.58123877917416,39302.8447037702,73663.77558348294,12.866561938958688,8.377513464991019,6999.374865350256
6,15.999073215940683,225.7669138090825,20548.24235403151,40412.70296570899,15.35588507877666,11.609453197405,7006.167701575693
7,16.000896458987,239.49036306588977,10564.975347377858,26390.894217839537,15.623352756611371,12.390900941281938,7003.969878978208
8,15.999101930848676,223.90031432420295,21248.189941625504,37839.58599012124,15.832914234396036,13.708127525819489,7006.886035024878
9,15.998144712430427,228.4373840445269,21138.33719851577,34025.641001855285,14.478432282003702,12.344434137291271,7007.167439703322
10,15.987415730337078,199.7802247191011,27630.887191011236,65536.08719101123,11.159910112359563,9.397393258426968,7025.4642696630835
11,15.994413407821227,243.42411545623835,33228.22625698324,50737.915270018624,6.0471601489758005,5.616247672253257,7014.031424581172
12,15.999103139013451,181.2206278026906,26501.967264573992,37725.95112107624,7.651614349775787,5.711973094170401,7008.864708520346
1,20.0,188.7238219895288,6661.302356020942,18108.9332460733,8.363743455497385,6.271858638743449,1434.6540575916245
2,20.0,234.60579710144927,7775.521739130435,19624.41304347826,7.742318840579707,5.02666666666667,1280.5930434782622
3,20.0,186.792,7735.733333333334,22252.153333333332,8.180000000000005,5.340533333333334,1205.6207999999983
4,20.0,209.70936639118457,9317.093663911846,24406.11570247934,9.752479338842972,5.884159779614324,1310.904132231405
5,20.0,217.81505944517835,6691.108322324967,24634.914134742405,11.74266842800528,8.243328929986793,1352.2250990752968
6,20.0,251.3707627118644,4702.096398305085,22162.886652542373,13.191313559322047,11.121398305084735,3564.062605932182
7,20.0,259.1826989619377,4532.448442906574,19365.782006920417,14.993494809688588,12.606228373702413,5485.888858131559
8,20.0,291.7145804676754,6340.625859697387,19091.069463548833,15.97386519944977,13.094497936726274,5465.198968363206
9,20.0,197.8843683083512,9996.80085653105,15193.483226266952,14.425553176302635,11.127551748750886,5494.017987152103
10,20.0,225.0882971268395,9685.780658724598,15720.353889278203,10.537421163279609,8.33665031534688,5488.970707778624
11,20.0,193.91814946619215,7579.124555160142,15414.116014234876,9.261565836298926,7.607971530249113,5508.717722420001
12,20.0,153.6510989010989,6211.614010989011,11423.914835164836,6.909478021978018,6.040865384615379,5468.476854395676
1,20.0,205.00344589937973,10289.910406616127,15773.731909028256,5.900827015851139,3.537560303239145,5448.964507236454
2,20.0,167.6546982429335,8002.733384262796,14033.097784568372,6.518869365928194,4.030328495034373,5606.597249809079
3,20.0,165.90772385509229,10251.187969924811,23877.245386192753,8.67764866712235,5.3844155844155885,5543.054750512724
4,20.0,165.0997171145686,9755.22630834512,14973.999292786422,10.648514851485157,6.644271570014147,5475.133875530479
5,20.0,216.38058659217876,7131.77374301676,18864.888268156425,11.744343575419004,8.347765363128481,3296.743226256965
6,20.0,197.1085383502171,7424.146164978292,22493.172937771345,14.914182344428369,10.621418234442832,1025.2481910274953
7,20.0,227.80557443915703,3669.157036029911,19568.980285520058,16.190278721957846,12.996125084976208,1025.1719238613225
8,20.0,201.30705962988347,9071.274845784785,21831.990404386564,17.47313228238517,13.421658670322154,1019.3368060315256
9,20.0,206.12624113475175,8609.553191489362,19820.18439716312,14.681702127659587,11.791843971631216,1031.7140425531952
10,20.0,194.97199453551912,9196.127049180328,15303.948087431694,10.404166666666669,7.930669398907103,1040.5751366120253
11,20.0,186.56056338028168,8944.604225352112,16155.862676056338,9.132042253521131,8.152464788732381,1323.0524647887332
12,20.0,202.3362952836637,6430.305536568694,14237.245386192755,6.919617224880382,5.547163362952835,1029.3692412850264
1,16.003600360036003,208.2853285328533,24517.04500450045,52514.901440144014,6.6465796579658,4.76800180018002,7001.7646714673165
2,16.0,178.21279761904762,21868.769345238095,39738.95386904762,7.0961309523809515,5.626240079365077,7003.168948412857
3,16.000896458987,205.0802330793366,26965.67458538772,100653.41012998656,8.791528462572828,6.164858807709546,7002.619632451976
4,16.000926354793886,271.5187586845762,20286.848077813804,36448.10514126911,9.614543770264008,5.508893006021303,7006.560027790807
5,15.998204667863554,211.5911131059246,29066.045332136444,84464.39856373428,12.98779174147218,8.392728904847406,7007.470062836792
6,16.00093153237075,239.63716814159292,16218.57102934327,39781.65673032138,14.59972054028877,11.072985561248265,7002.489427107759
7,16.0,262.5029161058771,13048.821893225662,37939.6289816061,15.382323912068207,12.075549573799911,7008.3166890984185
8,16.00271002710027,250.9981933152665,14517.107497741645,41564.25429087624,14.99223125564589,12.428139114724484,7000.77330623322
9,15.997218358831711,247.82985628187296,19584.924895688455,28395.30273528048,13.220955030134451,11.12656467315715,7012.111126564834
10,16.001793721973094,223.7932735426009,11052.75605381166,22061.695067264573,12.259013452914798,10.623094170403592,7014.4286547086895
11,15.997218358831711,248.02920723226703,20713.21696801113,43421.8368103848,8.170421882243852,6.247705146036158,7009.974918868969
12,16.000896458987,232.8081577767817,18879.613626176604,43702.79964141641,6.522277005826986,4.840833706857912,7003.358090542529
1,20.0,184.69946091644204,7349.895552560647,14900.422506738543,6.422304582210242,5.422708894878706,5498.64103773592
2,20.0,193.36940298507463,8983.068656716418,13997.735074626866,5.691791044776119,2.9402238805970127,5495.82634328364
3,20.0,144.47843665768195,9625.95822102426,15070.707547169812,4.730862533692727,1.1402964959568735,5491.439892183366
4,20.0,193.48541666666668,17523.068055555555,17778.48888888889,8.102500000000001,3.5577777777777757,5512.708611111182
5,16.001793721973094,246.6201793721973,30697.73273542601,35645.76322869955,10.66188340807174,7.648609865470853,7005.798116592104
6,16.003726129483,216.01350721937587,28801.03632976246,71810.10013972985,14.157009781089895,11.008942710759204,7000.4785281790155
7,15.99640287769784,200.47392086330936,41890.53552158274,108699.97886690647,18.375404676258967,15.14860611510791,7011.6209082735495
8,16.001796138302648,227.89941625505165,12211.555455770094,33308.54153569825,15.99160305343514,13.192231701841036,7002.858554108833
9,16.006511627906978,209.7572093023256,19635.271162790697,30758.661860465116,14.445116279069762,11.99706976744188,6995.510883721085
10,15.998207082025996,175.90004482294935,30802.12684894666,47944.022411474674,12.607350963693396,11.24374719856568,7005.106902734367
11,16.000927643784788,244.9986085343228,20656.683209647497,33017.79499072356,7.520779220779225,5.5141001855287595,7005.201948052121
12,16.000900090009,195.33618361836184,23927.80333033303,21350.82763276328,7.606210621062101,6.74950495049504,7000.995769577125
1,20.0,241.41295546558703,13180.5,17074.47705802969,7.431106612685547,4.95897435897435,5501.543589743665
2,20.0,197.80075187969925,15967.388721804513,14638.439097744362,6.315639097744355,4.460375939849624,5495.165939849686
3,20.0,232.86914600550963,19415.788567493113,15854.18388429752,7.536845730027551,4.0155647382920066,5533.402754821015
4,20.0,210.6655027932961,25702.391759776536,17015.666201117318,11.44231843575419,6.71131284916201,5523.830726257065
5,20.0,238.3436866981769,19838.775151924376,17869.58136394328,11.838082376772457,7.335111411208637,5496.477987846127
6,20.0,185.4787752261656,14301.78844815588,17579.652052887963,15.07717466945024,10.895337508698686,5502.287961029995
7,20.0,229.67881241565453,12106.713900134951,17763.67746288799,14.82537112010796,11.417881241565462,5499.150000000075
8,20.0,257.069799585349,11295.925362819627,19144.464409122324,15.101036627505176,11.838631651693158,5505.584450587489
9,20.0,249.1577840112202,18932.961430575037,19273.76157082749,13.8392005610098,10.548387096774183,5486.046213183798
10,20.0,189.4979647218453,15585.802578018996,16833.994572591586,12.59721845318861,10.428154681139752,5492.491994572659
11,20.0,245.7640056022409,11109.588235294115,16452.278711484592,9.707072829131649,7.758683473389351,5535.975910364211
12,20.0,187.74595687331535,14589.81334231806,14783.0525606469,8.095215633423171,5.069137466307274,5513.93524258768
1,20.0,168.41752224503765,11134.240930869268,12417.96372347707,6.211841204654344,3.551882272416148,4082.7449691992097
2,20.0,186.60329341317365,15851.684880239522,14889.064371257486,5.708607784431139,2.394685628742511,3545.230688622731
3,20.0,182.7181389076197,14789.283209710047,16123.42818610924,6.327916385704653,3.567700606877952,1055.389345920427
4,20.0,245.50943396226415,19081.04891684137,19643.14814814815,8.821174004192871,4.35835080363382,5485.960027952552
5,20.0,229.0570264765784,14581.390359809911,18695.222674813307,11.463408010862183,7.79056347589952,5490.271011541146
6,20.0,257.27932960893855,24515.759776536313,21131.054469273746,15.213268156424556,9.95474860335196,5503.514734636946
7,20.0,207.25387205387204,19471.13265993266,21225.055892255892,17.55703703703703,12.81703703703704,5608.365050505127
8,20.0,263.6269896193772,11254.571626297578,21016.01660899654,15.535709342560558,11.941384083044998,5666.49702422153
9,20.0,177.7708913649025,17443.231894150416,19429.549442896936,15.38293871866295,12.419986072423388,5628.919637883078
10,20.0,188.4276048714479,15635.443843031124,16962.29296346414,12.717050067658988,10.305345060893089,5484.597225981132
11,20.0,221.86379430159832,20369.60528144545,15242.00764419736,8.080125086865884,6.674426685198054,5507.6772758861025
12,20.0,191.96261046906864,12762.771583956492,14012.745071380014,7.428348062542485,5.551869476546574,5503.501903467108
1,20.0,228.3057239057239,5178.157575757576,12578.858585858588,8.09373737373738,6.173804713804714,5500.742222222285
2,20.0,243.12796549245147,7052.418404025881,14666.096333572968,8.075269590222856,6.21919482386773,5511.2861969806545
3,20.0,197.95622895622895,14407.310437710436,15911.171043771044,9.411043771043762,6.213602693602694,5516.310774410844
4,20.0,247.85213735108616,14458.470217238964,19785.077084793273,7.7487736510161165,3.8454099509460473,5462.460476524242
5,20.0,163.77935222672065,14409.174089068823,20031.558029689608,12.00357624831309,7.399527665317144,5496.236842105333
6,20.0,205.41155988857935,5318.436629526463,18624.853064066858,13.477924791086354,10.478342618384389,5491.46030640676
7,20.0,243.21385339609952,4568.218560860793,18169.451916610626,14.710356422326822,12.043712172158704,5503.509213180972
8,20.0,179.40404040404042,7550.050505050505,18557.093602693603,16.051515151515158,13.295892255892232,5495.664242424318
9,20.0,246.71518105849583,10927.956128133705,16865.887883008356,13.1508356545961,10.69951253481894,5495.064902507038
10,20.0,199.9016835016835,9457.65925925926,15848.080134680136,9.694074074074068,7.660673400673411,5501.176228956302
11,20.0,226.35052264808365,10417.28780487805,14759.55400696864,6.944529616724743,5.243344947735188,5488.119860627239
12,20.0,203.28080808080807,10241.947474747474,14170.582491582492,6.794410774410772,5.135824915824917,5499.43299663307
1,20.0,211.48457847840987,7090.568882796436,14922.84441398218,6.566004112405748,4.914050719671005,5482.092666209801
2,20.0,202.5377842993397,10255.766691122524,17531.64343360235,6.343947175348489,3.648202494497431,5507.774541452744
3,20.0,206.21830508474577,9595.490847457628,23474.87118644068,7.647050847457626,4.250033898305093,5493.444406779741
4,20.0,244.23270440251576,7655.890985324948,18876.722571628234,9.45003494060098,5.111180992313067,5509.205870021036
5,20.0,252.18707482993196,7538.802721088436,18897.89455782313,11.97714285714286,6.851632653061227,5521.054149659936
6,20.0,235.09396914446003,6554.985974754558,20548.870967741936,14.739621318373077,9.952173913043486,5552.825385694324
7,20.0,244.8950276243094,6061.62223756906,22229.591160220996,14.679903314917128,10.17396408839779,5532.957182320509
8,20.0,217.0,5958.108293351611,18896.847155586016,15.855997258396163,11.8599725839616,5451.869088416788
9,20.0,220.215672178289,6357.421279654925,14945.959741193386,14.640762041696636,11.197987059669291,5427.7979151690015
10,20.0,205.3921034717495,7818.373042886317,16044.492852280462,9.405650102110284,6.496255956432934,5498.715793056578
11,20.0,232.69424964936889,4115.806451612903,15204.849228611502,9.3335904628331,6.808274894810648,5518.1495792427095
12,20.0,215.22161422708615,5261.03146374829,13789.846101231193,7.839603283173723,5.251573187414504,5514.7826265390595
1,20.0,226.84303112313935,18012.778755074425,12392.05751014885,2.42320703653586,1.2898511502029768,5483.330514208463
2,20.0,212.812030075188,20518.384962406017,14990.281954887218,3.121428571428571,1.3174436090225552,5468.1021804511865
3,20.0,236.18648648648647,21105.15472972973,17194.733108108107,6.294864864864859,2.816486486486484,5501.540608108184
4,20.0,212.05590496156535,29084.828791055206,17961.736547868622,9.684696016771468,5.413836477987424,5487.086652690499
5,20.0,238.08496291301415,21969.560350640593,20514.018880647334,11.654686446392446,7.135266351989213,5494.499595414767
6,20.0,242.5563282336579,15335.179415855357,21273.75869262865,15.602503477051458,11.2337273991655,5502.832614742762
7,20.0,222.4635135135135,7009.00472972973,17946.138513513513,15.691486486486484,12.697770270270263,5506.418378378446
8,20.0,250.24059139784947,15134.853494623656,20264.378360215054,14.874663978494626,11.538575268817205,5519.917741935554
9,20.0,206.7924791086351,15225.543871866295,17452.520891364904,14.417966573816146,11.631685236768805,5493.967130919293
10,20.0,200.45521885521885,19084.60606060606,15629.734006734006,10.774747474747471,8.546599326599331,5502.241481481558
11,20.0,217.83286908077991,17033.042479108633,13999.33495821727,5.940250696378832,4.516225626740948,5490.1657381616305
12,20.0,239.65858585858587,17209.896296296298,12895.931313131314,0.7580471380471384,-0.3214814814814801,5511.294208754283
1,20.0,206.0053799596503,8961.982515131136,12540.874243443172,3.825891055817081,2.3435776731674527,5518.139878950985
2,20.0,185.80193596425912,9614.713328369322,14166.243484735667,7.496574832464629,5.811317944899479,5500.84906924802
3,20.0,188.3160027008778,16424.63673193788,13478.467251856851,7.043214044564483,3.911613774476707,5495.572856178339
4,20.0,207.1460361613352,15777.625173852572,16241.696801112656,11.901460361613346,8.006745479833095,5509.097496523018
5,20.0,213.18286099865048,7130.340755735492,16461.275303643724,11.684547908232114,7.96740890688259,5507.217206477802
6,20.0,247.38857938718664,8042.397632311978,20459.73816155989,12.643454038997202,9.07339832869081,5494.693454039069
7,20.0,241.49225589225588,6112.442424242424,19820.57037037037,14.67346801346801,11.332592592592576,5503.820808080883
8,20.0,229.0579905596763,8541.990559676331,19752.11395819285,14.083749157113964,10.801550910316925,5503.286918408696
9,20.0,209.0501043841336,6667.541405706333,16235.093945720251,14.06290883785664,11.47654836464856,5519.911412665343
10,20.0,215.40309555854645,5333.613055181696,14665.703230148049,12.186541049798103,10.211911170928662,5506.471668909899
11,20.0,169.01183844011143,12152.82660167131,15207.719359331477,10.446727019498596,8.338997214484683,5492.3462395543875
12,20.0,241.60822656776804,6051.090357383681,14124.33648010789,7.2583951449764,5.242076871207015,5508.4121375590785
1,20.0,236.9009433962264,12073.16846361186,15770.350404312669,7.800404312668469,4.8326145552560655,2491.8219676549734
2,20.0,222.71578160059835,14006.832460732983,16658.006731488407,5.570306656694095,2.447494390426326,1072.441884816751
3,20.0,217.48735475051265,16161.301435406698,18206.425153793574,8.346821599453175,4.80902255639098,1040.2994531784052
4,20.0,208.3296089385475,16584.273743016758,17839.47905027933,8.898673184357548,4.93652234636872,5474.412220670458
5,20.0,206.13247282608697,19278.40625,19954.453125,11.040760869565208,6.140149456521736,1173.920176630436
6,20.0,217.84154929577463,12738.634507042254,19419.566901408452,15.080633802816926,11.156690140845056,1023.9767605633832
7,20.0,260.7513725490196,12266.261960784312,17769.286274509803,16.058588235294124,12.383137254901962,1045.7156862745087
8,20.0,237.75201760821716,10645.057960381511,19916.68378576669,15.803008070432872,13.668892149669846,1031.8570066030793
9,20.0,195.9459241323648,13061.465698143664,18829.394673123486,14.638418079096043,11.338660209846651,4119.375948345447
10,20.0,192.05844748858448,12416.83287671233,17338.625570776258,11.982283105022832,8.878538812785397,1017.8510502283102
11,20.0,216.9663157894737,14803.204210526315,20803.315789473683,7.834175438596486,5.183228070175437,1078.1936842105235
12,20.0,199.21506105834465,13689.92605156038,17088.34803256445,6.890773405698784,5.405630936227955,4973.230732700191
1,20.0,245.1345108695652,6247.14402173913,20493.05570652174,6.751630434782609,4.393070652173909,1007.6739130434772
2,20.0,257.49341142020495,5116.5724743777455,22599.07467057101,7.58565153733529,4.98023426061494,1677.141874084919
3,20.0,245.55866666666665,8602.425333333333,23766.86,7.876533333333338,4.259066666666671,1478.469333333333
4,20.0,207.21546961325967,8464.720994475138,22408.487569060773,10.100966850828716,6.350138121546965,1209.7198895027627
5,20.0,195.6203501094092,6065.147702407002,21117.16083150985,12.98599562363239,8.724398249452967,2861.492997811806
6,20.0,275.9781746031746,6178.339285714285,23688.194444444445,13.443551587301595,9.940178571428577,3743.975198412679
7,20.0,213.3522012578616,8262.974842767295,21817.088050314465,16.790566037735832,13.429200359389032,4091.953369272226
8,20.0,205.49911971830983,6041.8397887323945,20835.993838028167,16.333802816901407,12.764612676056336,4215.662235915491
9,20.0,227.82341463414633,7957.788292682927,21679.886829268293,15.099317073170722,13.127999999999997,3786.018829268275
10,20.0,210.62151898734177,8908.301265822785,18213.79746835443,11.294050632911375,8.942784810126593,1705.615949367087
11,20.0,252.5725593667546,6318.112137203167,18339.24802110818,8.74775725593668,6.805672823218992,1601.7262532981524
12,20.0,259.4116883116883,7940.91948051948,19375.70779220779,6.3593506493506515,4.119220779220782,1649.4731168831172
1,20.0,171.72543352601156,6926.618497109826,19286.134393063585,6.573121387283236,3.659682080924856,1009.626734104046
2,20.0,230.76148148148147,5430.622222222222,21727.39259259259,8.769925925925923,5.843851851851851,1020.7795555555572
3,20.0,251.38440860215053,4004.4489247311826,20503.084677419356,9.21532258064516,6.031720430107528,1020.6280913978484
4,20.0,233.58011049723757,9513.296961325968,28471.85773480663,8.260082872928177,4.068232044198896,1026.7537292817688
5,20.0,234.140562248996,7509.105756358768,22989.738955823297,13.07282463186077,8.823025435073625,1019.3668005354745
6,20.0,225.3817427385892,6254.203319502075,25772.399723374827,14.023236514522816,10.49778699861688,1011.4307053941916
7,20.0,256.43716577540107,3907.3917112299464,26477.286096256685,15.279812834224618,11.86350267379678,1013.4581550802144
8,20.0,246.25418994413408,6818.210893854749,26585.25837988827,16.144273743016754,12.229329608938558,1018.484636871509
9,20.0,212.62482946793995,8136.991814461118,18782.44201909959,14.745429740791272,11.760572987721693,1008.1533424283772
10,20.0,227.57085561497323,7120.927807486631,20356.885026737968,11.828743315508012,8.863636363636367,1011.46844919786
11,20.0,223.51724137931035,7987.324137931035,20213.593103448275,8.632827586206902,6.397241379310349,1015.041379310345
12,20.0,216.6613545816733,8178.136786188579,19203.658698539177,7.507968127490043,5.311553784860562,1012.3047808764928
1,14.0,246.55440771349865,14400.23829201102,10232.71349862259,4.008953168044077,2.074380165289256,5504.0706611571
2,14.0,188.7691154422789,8716.512743628185,12584.706146926535,5.904047976011994,3.7031484257871066,5519.627211394369
3,14.0,192.07865937072503,9413.002051983583,11865.047195622436,7.987004103967168,4.67578659370725,5492.892818057531
4,14.0,265.8828125,9448.259943181818,11146.022727272728,8.164204545454545,4.738778409090909,5450.457173295521
5,14.0,256.2066805845511,18424.604732080723,14770.698677800974,11.559498956158665,8.205845511482254,5462.470215727282
6,14.0,260.28908554572274,13233.073746312684,13810.544247787611,13.156342182890857,8.728613569321533,5343.360176991214
7,14.0,270.71855455177206,10650.993745656706,11348.505211952745,16.31063238359972,13.412717164697709,5480.531827658168
8,14.0,318.04024556616645,13296.781036834926,10760.776944065485,15.48362892223738,11.89699863574352,5574.3444065485055
9,14.0,238.6907433380084,10131.317671809256,10833.800140252455,13.47405329593268,10.964165497896213,5585.858204768657
10,14.0,201.9903846153846,6707.447802197802,12059.957417582418,12.290521978021978,9.96978021978022,5509.641552197873
11,14.0,275.7490987743331,13623.723143475128,11494.880317231436,6.522710886806056,4.62141312184571,5456.601009372808
12,14.0,195.76580958999304,6593.27936066713,11090.756080611536,8.068102849200834,6.2175121612230715,5427.247810979911
1,20.0,204.088161209068,9492.984886649874,19333.751469353483,5.947439126784219,4.509487825356836,4437.010075566763
2,20.0,283.83046237534,8742.163191296464,21373.163191296466,5.645965548504077,2.6678150498640103,4394.6153218495
3,20.0,256.55443037974686,7043.203375527426,21437.55189873418,8.023459915611811,6.105232067510553,4872.798987341801
4,20.0,176.3179091688089,14957.229648671808,17002.99914310197,9.641559554413028,6.286032562125113,4564.476606683813
5,20.0,199.00081037277147,15372.080226904376,27072.360615883303,11.288573743922193,7.08152350081037,4805.569205834708
6,20.0,235.06129303106633,17745.03610411419,20908.648194794292,15.306633081444174,12.482367758186395,4661.65743073049
7,20.0,247.8936521022259,4398.288540807915,23560.01566364386,14.026298433635615,10.509810387469088,4581.521187139346
8,20.0,223.6672398968186,7807.806534823731,23049.95700773861,14.532330180567484,11.314273430782457,4311.345743766125
9,20.0,239.87127845884413,7011.250437828371,24615.58493870403,13.038091068301217,9.76541155866901,4407.022066549917
10,20.0,174.76768558951966,13018.517030567686,26677.633187772924,10.759301310043664,9.41126637554585,4346.769606986901
11,20.0,190.3641456582633,11307.01400560224,15654.806722689076,7.542763772175536,5.3883286647992605,4046.942203548067
12,20.0,228.7728437233134,8359.200683176772,21090.772843723313,8.981639624252773,7.724423569598631,4350.486080273273
1,20.0,204.18608852755193,10779.775971093044,20373.441734417345,8.178952122854572,7.245167118337845,4063.655465221304
2,20.0,228.2156862745098,9839.60702614379,24249.095588235297,7.172875816993467,8.803921568627455,5137.718300653633
3,20.0,220.97451737451735,11305.377606177606,20038.223166023166,7.659999999999997,5.381081081081083,4951.396911196948
4,20.0,215.33714285714285,14685.844081632653,21070.122448979593,7.282612244897954,3.7387755102040847,4804.501306122473
5,20.0,209.2482100238663,16615.161495624503,21906.761336515512,13.244073190135248,9.745664280031814,4771.288066825802
6,20.0,270.22800306044377,13906.83091048202,23358.91354246366,14.468859984697785,10.244070390206574,5107.153098699356
7,20.0,252.98687258687255,15413.805405405405,21692.27722007722,18.04571428571427,13.144092664092655,4987.722471042505
8,20.0,242.7348367029549,6494.400466562986,22177.837480559876,16.07270606531881,12.40334370139969,4996.485925349959
9,20.0,212.36829463570857,10248.077662129705,21974.21857485989,13.74219375500401,10.792634107285844,4952.43482786232
10,20.0,213.12618526622904,5666.881108679796,18454.48504741065,12.051714077315832,10.769948942377836,5202.515390226169
11,20.0,160.86998394863562,9252.11316211878,15963.72150882825,7.874959871589099,6.190449438202247,5022.9680577849485
12,20.0,184.864768683274,7839.908896797153,11995.087544483986,5.342135231316724,4.570035587188615,5301.33516014241
1,14.0,245.83021390374333,4959.958556149732,10927.941176470587,7.377005347593583,6.271256684491978,1222.9062834224608
2,14.0,191.63866877971475,6258.874801901743,11129.160063391442,6.508716323296355,5.689223454833598,1728.9580031695732
3,14.0,209.7627345844504,5781.42091152815,10462.734584450402,7.544235924932976,5.792091152815013,1279.6698391420907
4,14.0,258.1777777777778,10299.440277777778,11795.416666666666,9.28888888888889,4.736111111111111,1197.7188888888888
5,14.0,248.00534759358288,5146.788770053476,11963.235294117649,11.050802139037431,9.097459893048129,1180.4877005347614
6,14.0,307.42876901798064,8014.961272475795,13532.778699861688,15.655601659751037,13.027524204702628,1218.0930843706774
7,14.0,309.99196787148594,5738.564926372155,11842.9718875502,16.39625167336011,12.710843373493976,1221.9583668005362
8,14.0,350.9965487489215,20284.76617773943,10362.985332182916,17.635893011216567,12.468507333908542,4368.830974978435
9,14.0,268.7585692995529,9234.859910581225,12261.176602086438,13.438897168405363,9.609538002980626,5245.506408345807
10,14.0,239.55401459854016,9545.852554744526,10478.68613138686,9.74087591240876,8.088248175182482,5388.469124087659
11,14.0,306.06529713866473,9220.362435803376,10763.022743947176,7.2377109317681585,5.321349963316214,5344.933015407247
12,14.0,233.44276901987664,11191.481836874573,9951.40438656614,3.6991089787525704,3.5989033584647014,5500.121658670391
